Lp,Autor,Treść,Kwota
1,brak danych,"Kononowicz, gdybyś był w autobusie w Warszawie, to się zesrałeś na środku autobusu.","5,00zł"
2,Majotean Wojtek,Jebnij Krzyśkowi kubkiem w łeb żeby zdechł.,"4,00zł"
3,Mecenas z Piaseczna,Kononowicz na twoim lajcie naruszają uczucia religijne składam donos.,"4,00zł"
4,brak danych,Do gazu z nimi,"4,00zł"
5,Jacek Międlar,"Pierwsza tajemnica kolońska, a długie jest z rządu Majora.",brak danych
6,brak danych,Je to tylko tłusta dupa,"64,00zł"
7,Matko Rona,"Major, Gejwon, Haklej, żona bije kubkiem męża Konona.","4,00zł"
8,Michał Rachoń,Płonie ognisko na Szkolnej. Dom Kononowicza się pali. Mariusza pomścili.,"4,00zł"
9,Michał Rachoń,"Major Strusiu, teraz możecie się polizać z Krzysiem, loda sobie robić.","2,04zł"
10,Michał Rachoń,"Suchodolski pracowałeś w więzieniu na kuchni, bo tam tylko frajerzy pracują.","2,04zł"
11,Michał Rachoń,"Kononowicz alkoholik i menel rozpił Meksykana, teraz Majora rozpija.","2,04zł"
12,Michał Rachoń,"Ewa Lipka, wykorzystana przez Krzysztofa 12 lat temu, powiedziała w wywiadzie...","2,04zł"
13,Ewa Lipka,"Złożyła donos na Pana Krzysia, że się do niej dobierał jak miała 12 lat.","2,00zł"
14,Jarek Andrzejewski,"Kononowicz jego Bogiem, a Major Nałogiem.","1,65zł"
15,Michał Rachoń,"Major ma nudne lajty, nie wpłacajcie mu nic, nie ma Paypala.","2,68zł"
16,Jarek Andrzejewski,Rozpierdolę was kurwy petardami dziś za obrazę mojej matki Barbary.,"3,00zł"
17,Jarek Andrzejewski,Mały Marianek Kononowicz cicho płakał gdy ojciec go ruchał.,"3,00zł"
18,Michał Rachoń,Wypierdalać gimbusy ze szkolnej ruchać swoje matki menelice.,"3,00zł"
19,Jacek Lipka,"Kononowicz to stary pedofil z Mazur, jebać katolików.","3,00zł"
20,Michał Rachoń,Numer do Niemieckiego: 602 222 437. Dzwońcie widzowie.,brak danych
21,Wykop.pl,"Major na filmach bardzo źle mówi o Kononowiczu, kupił lepsze auto od Asterki.","3,00zł"
22,Kolega majora z Żabka,"Kononowicz brawo, major, nie cackaj się z Knurem.","3,00zł"
23,Wykop.pl,Akcja Stopaczek z gównem dla Majora na poniedziałek. Szkolna 17.,"3,00zł"
24,Młodszy aspirant,"Tu mówi aspirant Adam Połowianiuk, dzielnicowy. Major was oszukał.",brak danych
25,Dzielnicowy Połowianiuk,"Dzielnicowy Połowiniuk z komisariatu 3, Major to cwel z więzienia.",brak danych
26,Sławek z Bielska,"Major, podałeś hasło do banku Credit Agricole, teraz całą kasę przeleję.",brak danych
27,Policjanci z trójki,Oglądamy was cwele na komisariacie na 3. Śmiejemy się z was.,brak danych
28,brak danych,"Major udaje, że idzie palić, a tylko se tam wódki polewa. Cwel.",brak danych
29,Jarek Andrzejewski,"Major, miałeś pilnować Krzysia, żeby nie pił słodkiego. On umrze.",brak danych
30,Dzielnicowy,"Suchy kończy lajta, bo się cwelobscy dzieci przed ranką","3,00zł"
31,Jarek,"Kononowicz to bęben i dobrze mówiłeś, że ruchał swoją matkę.",brak danych
32,Chłopaki z osiedla,"Sprowadzaliście nasze dziewczyny, wpierdolimy wam w domek.","3,00zł"
33,Marcin Topczewski,Przestań źle mówić na majora i pisać na wykopie o nim.,"3,00zł"
34,Sławomir Topczewski,"Szmurło, Andrzej i Topczewski działali na szkodę Wojciecha.","3,00zł"
35,Sławomir z Bielska,Topczewski Marcin pokazywał filmy Kononowiczowi i na nich zarabia.,"3,00zł"
36,Michał Rachoń,"Panie Kononowicz, wyrzuć pan tego Topczewskiego. On nagrywa na wykop.","3,00zł"
37,Młoda dziewczyna,"Krzysiek, czemu wpuszczasz redaktora z Wykopu do domu? Marcin spiskuje.","3,00zł"
38,Chłopaki z osiedla,"Major, zarobiłeś 300,00 zł, przejdziemy pod bramkę i wszystko oddasz.","3,00zł"
39,Wojciech Suchodolski,Nazywam się Wojciech Suchodolski i zachęcam do nienawiści.,brak danych
40,Michał Rachoń,"Wykop pozdrawia lateksy, wykop pozdrawia lateksy.","3,00zł"
41,Michał Rachoń,wykop pozdrawia lateksy wykop pozdrawia lateksy wykop pozdrawia lateksy wykop pozdrawia lateksy,"3,00zł"
42,Michał Rachoń,"Gruby ubeku, knurze, jajcaty, Kononowiczu, skurwysynu, do Opla nie wsiądziesz.","3,00zł"
43,Michał Rachoń,"Widać donate z porno, nie przeszedł, został ocenzurowany przez wiadomo kogo.","3,00zł"
44,Karol z Wadowic,Meksykano ujawnił na lajcie adres i dane osobowe Moniki oraz nazwisko jej partnera.,"3,00zł"
45,Jarek Andrzejewski,Monika mieszka na ulicy Mozarta 25 w dzielnicy Krowodrza. Oddaj kluczyki od Audi.,"3,00zł"
46,Karol z Wadowic,"ulica Mozarta 25 Krowodrza Kraków. Meksykano mówi, że akuratne paczki z gównem wskazane.","3,00zł"
47,Jarek Andrzejewski,z Prądnika z ulicy Pachońskiego na mieszkanie na ulicy Mozarta poleca paczki z gównem.,"3,00zł"
48,Karol z Wadowic,"Wojtek, ta Islandia to nazwa zakładu zamkniętego w Kobierzynie dla psychicznie chorych.","3,00zł"
49,Karol z Wadowic,"Monika chce Cię zamknąć w tej całej Islandii, Wojtek, ta Islandia to nazwa psychiatryka.","3,00zł"
50,Jarek Andrzejewski,Monika ci nie pozwoliła mieszkać u niej na krzywy ryj. Ha ha ha!,brak danych
51,Karol z Wadowic,"Monika z Mozarta na Krowodrzy zadłużona, a Wojtek zarabia 10 000,00 zł miesięcznie.","3,00zł"
52,Jarek Andrzejewski,"Czytam informację publiczną. Monika Haręźlak. Wartość wierzytelności 1 250 000,00 zł.","3,00zł"
53,Jarek Andrzejewski,Monika Ewa Haręźlak-Borodo. Urodziła się 16 grudnia 1971. Jej firma zawiesiła działalność.,"3,00zł"
54,Michał Rachoń,"Wojtek, na ostatnim lajcie pokazałeś swojego siurka. On jest taki malutki.","3,00zł"
55,Michał Rachoń,"Major, widziałem na lajcie jak sikasz do wiadra. Siurka masz bardzo małego.","3,00zł"
56,Michał Rachoń,"Major, wysłałem Ci w donejcie porno o lesbijkach młodych. Podnieś jej i pokaż chuja.","3,00zł"
57,Michał Rachoń,"Major, siurek Ci się podniesie, to zobaczymy czy duży. Mamy 13 lat.","3,00zł"
58,Michał Rachoń,"Coś mi tu nie gra Suchodolski. Ja ci porno wysyłam, a tobie nawet siurek nie stanie.","3,00zł"
59,Michał Rachoń,Major jak ci nie staje teraz to ty chyba pedał jesteś. Wojtek wsadził siurka Kasi.,"3,00zł"
60,Michał Rachoń,"Kononowicz to stary ubek i konfident, donosi na każdego, nawet na własną matkę.","3,00zł"
61,brak danych,"Wojtek, policja sprawdzi czy masz narkotyki w tym swoim plecaku.","3,00zł"
62,brak danych,"Major ma 2 lewe ręce do pracy. Tylko siedzi, psznie je i nic nie robi.","3,00zł"
63,brak danych,Policja już jedzie pod dom na Szkolną 17. Zgłoszenie o ciszy nocnej.,"3,00zł"
64,brak danych,"Major, Monika Cię oszukała na 10 000,00 zł. Tyle przelałeś jej na konto.","3,00zł"
65,Wykop.pl,Akcja Stopaczek z gównem dla Majora na poniedziałek. Szkolna 17.,"3,00zł"
66,Ewa Lipka,"Złożyła donos na Pana Krzysia, że się do niej dobierał jak miała 12 lat.","2,00zł"
67,Michał Rachoń,Sławek Nowak z Bielska to lateks i oszust. Zabiera 50 procent zysków.,"3,00zł"
68,Michał Rachoń,"Numer do Knura: 856 532 910. Dzwońcie, żeby nie spał.","2,00zł"
69,brak danych,"Major, ty nierobie, 25 lat w więzieniu siedziałeś i nic nie potrafisz.","2,00zł"
70,brak danych,"Major, dlaczego nie powiesz prawdy, że jesteś na utrzymaniu Konona?","3,00zł"
71,brak danych,"Kononowicz, kupiłeś 10 kg cukru, a mówisz że nie masz na chleb. Kłamca.","2,50zł"
72,brak danych,"Major, widzieliśmy Cię w lesie z torbą na głowie. Rozpuszczalnik Ci mózg wypalił.","3,00zł"
73,Sławek Nowak,"Major, podałeś mi hasło do banku Credit Agricole, teraz przeleję kasę.",brak danych
74,brak danych,"Krzysztof, czy to prawda że trzymasz zwłoki Nera w piwnicy?","3,00zł"
75,brak danych,"Major, ty cwelu, w Tarnowie pod celą robiłeś za sprzątaczkę.","3,00zł"
76,brak danych,Podaję numer do Sławka: 578 489 346. Dzwońcie i pytajcie o lateksy.,"2,00zł"
77,brak danych,"Kononowicz, twój brzuch jest tak duży, że niedługo pękniesz od mleka.","2,00zł"
78,brak danych,"Major, jesteś pośmiewiskiem Polski. Twoje pszne jedzenie to breja dla świń.","3,00zł"
79,brak danych,"Wojtek, ta Monika to profesjonalna oszustka. Ma 1 250 000,00 zł długu.","3,00zł"
80,Wykop.pl,"Wykop pozdrawia wszystkich widzów, którzy nie dają pieniędzy pasożytom.","3,00zł"
81,brak danych,"Major, ty narkomanie, cała ulica Szkolna wie, że wąchasz nitro w lesie pod brzozą.","3,00zł"
82,Michał Rachoń,"Sławek Nowak z Bielska to lateks i oszust. Zabiera 50,00 procent zysków z kanału.","3,00zł"
83,brak danych,"Kononowicz, ty ubeku i konfidencie, donosisz na wszystkich, a sam masz syf w domu.","3,00zł"
84,Jarek Andrzejewski,"Wojtek, nie daj się Monice, ona chce tylko twoje nowe Audi i całą kasę.","3,00zł"
85,brak danych,Podaję numer do Knura: 856 532 910. Dzwońcie do niego o każdej porze dnia i nocy.,"2,00zł"
86,Ewa Lipka,"Krzysztof, złożyłam zawiadomienie do prokuratury w sprawie znęcania się nad psem Nerem.","3,00zł"
87,Michał Rachoń,"Major, czy to prawda, że w więzieniu w Tarnowie byłeś zwykłym popychadłem i cwelem?","3,00zł"
88,Wykop.pl,Lateksy ze Sławkiem na czele niszczą ten kanał. Stop cenzurze i oszustwom na Szkolnej.,"3,00zł"
89,brak danych,"Monika z Krakowa ma długu na 1 250 000,00 zł. Major, uciekaj od niej jak najszybciej.","3,00zł"
90,brak danych,"Major, dlaczego bijesz Krzyśka? Widzieliśmy na filmie, jak rzucasz w niego kubkiem.","3,00zł"
91,brak danych,"Kononowicz, ty bębnie, niedługo pękniesz od tego mleka, cukru i grubego smalcu.","2,00zł"
92,brak danych,"Major ma 2 lewe ręce do pracy. Tylko siedzi, psznie je i nic nie robi całe dnie.","3,00zł"
93,brak danych,"Wojtek, policja już jedzie na Szkolną 17. Są zgłoszenia o hałasie i awanturach.","3,00zł"
94,Michał Rachoń,"Wykop pozdrawia wszystkich normalnych widzów, a lateksy do wora i do jeziora.","3,00zł"
95,brak danych,Numer do Jarka Meksykana to 883 038 212. Dzwońcie do menela z upalnego Boboli.,"2,00zł"
96,brak danych,"Major, widziałem jak sikasz do wiadra w pokoju. Siurka masz bardzo małego.","3,00zł"
97,Michał Rachoń,"Kononowicz, oddaj pieniądze za węgiel, które ukradłeś biednym i schorowanym ludziom.","3,00zł"
98,brak danych,"Wojtek, ta Monika to oszustka. Chce cię zamknąć w szpitalu i przejąć oszczędności.","3,00zł"
99,brak danych,"Major, ty jesteś zwykły narkoman nitro. Twoja matka się za ciebie wstydzi w niebie.","3,00zł"
100,Jarek Andrzejewski,"Barbara Jarosławska, chodź do nas, baw się. Jarek pije na lajcie mocz i alkohol.","2,00zł"
101,brak danych,"Major, widzieliśmy cię w lesie z reklamówką. Co tam miałeś? Nitro czy rozpuszczalnik?","3,00zł"
102,Michał Rachoń,"Sławek Nowak, oddaj Majorowi hasła do kanału i konta. Okradasz go bezczelnie.","3,00zł"
103,brak danych,"Krzysztof, czy to prawda że trzymasz zwłoki psa Nera zakopane w piwnicy Belwederu?","3,00zł"
104,brak danych,"Major, ty cwelu, w Tarnowie pod celą robiłeś za sprzątaczkę i herbatnika.","3,00zł"
105,Michał Rachoń,Podaję numer do Sławka z Bielska: 578 489 346. Dzwońcie do tego lateksa.,"2,00zł"
106,brak danych,Monika z Krakowa to profesjonalna oszustka. Ma ogromne długi u komornika.,"3,00zł"
107,brak danych,"Kononowicz, twój brzuch jest tak duży, że niedługo pękniesz na środku podwórka.","2,00zł"
108,brak danych,"Major, jesteś pośmiewiskiem całej Polski. Twoje pszne jedzenie to zwykła breja.","3,00zł"
109,Michał Rachoń,Policja już jedzie pod dom na Szkolną 17. Zgłoszenie o oparach nitro z pokoju.,"3,00zł"
110,brak danych,Major ma 2 lewe ręce do uczciwej pracy. Pasożyt roku i tyle w temacie.,"3,00zł"
111,brak danych,"Wojtek, policja sprawdzi czy masz narkotyki i nitro w swoim czarnym plecaku.","3,00zł"
112,Michał Rachoń,"Kononowicz to stary ubek i konfident, donosi na każdego sąsiada w okolicy.","3,00zł"
113,brak danych,"Numer do Knura: 856 532 910. Dzwońcie, żeby nie spał i nie chrapał na lajcie.","2,00zł"
114,brak danych,"Major, Monika cię oszukała na 10 000,00 zł. Przelewasz jej kasę za darmo.","3,00zł"
115,Michał Rachoń,"Major, dlaczego nie powiesz prawdy o tym, że jesteś na utrzymaniu u Konona?","3,00zł"
116,Jarek Andrzejewski,"Kononowicz to bęben i żarłak, a Major to tylko jego biedny podnóżek.","2,00zł"
117,Wykop.pl,Wykop pozdrawia szkolną 17. Akcja gówno w paczce rusza już w najbliższy poniedziałek.,"3,00zł"
118,brak danych,"Major, widzieliśmy cię w lesie z torbą na głowie. Nitro mózg ci całkiem wypala.","3,00zł"
119,Michał Rachoń,"Sławek, wiemy że wąchasz stare majtki Majora. Jesteś zboczeńcem z Bielska.","3,00zł"
120,brak danych,"Krzysztof, twój brat Jan spoczywa w grobie, a ty nawet znicza mu nie kupiłeś.","3,00zł"
121,brak danych,"Major, na ulica Mozarta 25 w Krakowie wszyscy wiedzą, że jesteś bankomatem Moniki.","3,00zł"
122,brak danych,"Krzysztof, dlaczego nie chcesz oddać 50,00 zł dla biednych dzieci, które prosiły pod bramką?","3,00zł"
123,Sławek Nowak,"Moje filmy z Bielska są bardzo ciekawe, a wy mi zazdrościcie sukcesu.","3,00zł"
124,brak danych,"Major, czy to prawda, że w lesie rozmawiasz z wiewiórkami po rozpuszczalniku?","3,00zł"
125,brak danych,"Kononowicz, masz 3 podbródki i 0 godności. Donosisz nawet na własny cień.","3,00zł"
126,brak danych,Podaję numer do Jarka Andrzejewskiego: 883 038 212. Dzwońcie o porady alkoholowe.,"2,00zł"
127,Wykop.pl,Wykop.pl ogłasza konkurs na najgłupszą minę Majora. Nagroda to butelka nitro.,"3,00zł"
128,Sławek Nowak,"Kupiłem Majorowi laptopa, żeby mógł nagrywać dla was lepsze filmy.","3,00zł"
129,brak danych,"Major, Ty nie jesteś z Bombasu, Ty jesteś z psychiatryka w Choroszczy.","3,00zł"
130,brak danych,"Krzysztof, czy Ty wiesz, że Major chce sprzedać Twój dom za paczkę papierosów?","3,00zł"
131,brak danych,"Monika Haręźlak-Borodo z Krakowa. Dług wynosi 1 250 000,00 zł. Sprawdźcie w rejestrach.","3,00zł"
132,brak danych,"Major, siurek Ci nie staje, bo masz mózg wypalony od oparów nitro. To koniec.","3,00zł"
133,Michał Rachoń,"Sławek Nowak, Ty lateksie, weź się za uczciwą pracę, a nie żerujesz na chorych.","3,00zł"
134,brak danych,"Kononowicz, dlaczego kłamiesz, że nie piłeś? Czuć od Ciebie na kilometr.","3,00zł"
135,brak danych,Numer do Knura to 856 532 910. Można dzwonić z pytaniami o prawo i historię.,"2,00zł"
136,brak danych,"Wojtek, Twoja Monika ma 2 innych facetów. Jeden to Łukasz z Krakowa.","3,00zł"
137,brak danych,"Major, Ty jesteś cwelem, co w więzieniu sprzątał kible szczoteczką do zębów.","3,00zł"
138,Sławek Nowak,Major to mój przyjaciel i będę mu pomagał bez względu na wasz hejt.,"3,00zł"
139,brak danych,"Krzysztof, masz 200 kg wagi i 0 rozumu. Wyślij Majora do roboty.","3,00zł"
140,brak danych,"Wojtek Suchodolski, zawiadamiam policję, że znęcasz się nad Krzysztofem K.","3,00zł"
141,brak danych,"Major, czy to prawda, że jak Moniki nie ma, to płaczesz do poduszki?","3,00zł"
142,Wykop.pl,"Sławek, oddaj pieniądze, które ukradłeś Majorowi z lajta z 15 czerwca.","3,00zł"
143,brak danych,"Kononowicz, Ty stary komuniści, Twoje miejsce jest w muzeum PRL-u.","3,00zł"
144,brak danych,Numer do redaktora Niemieckiego: 602 222 437. Dzwońcie w sprawie filmów.,"2,00zł"
145,brak danych,"Major, psznie jesz, a Krzysztof głoduje. Jesteś egoistą i pasożytem.","3,00zł"
146,Wykop.pl,"Wykop pozdrawia wszystkich widzów, którzy nie dają się nabrać na kłamstwa Sławka.","3,00zł"
147,brak danych,"Monika z Krakowa ulica Mozarta 25. Ma komornika na głowie, uciekaj Major!","3,00zł"
148,brak danych,"Krzysztof, czy to prawda, że Twój ojciec był w milicji i bił ludzi?","3,00zł"
149,brak danych,"Major, Ty masz 45 lat, a zachowujesz się jak dziecko z podstawówki.","3,00zł"
150,Michał Rachoń,"Sławek Nowak z Bielska, wiemy gdzie parkujesz swoje auto. Uważaj.","3,00zł"
151,brak danych,"Kononowicz, Ty bębnie, niedługo pękniesz od tego cukru i mleka.","2,00zł"
152,brak danych,"Wojtek, Monika chce Cię ubezwłasnowolnić i przejąć Twoje Audi.","3,00zł"
153,brak danych,"Major, w lesie widzieli Cię z reklamówką. Co tam miałeś? Nitro?","3,00zł"
154,brak danych,Numer do Sławka Nowaka: 578 489 346. Zapytajcie go o majtki Majora.,"2,00zł"
155,brak danych,"Krzysztof, dlaczego nie sprzątasz w domu? Tam jest gorszy syf niż w chlewie.","3,00zł"
156,brak danych,"Major, jesteś nikim bez kamery. Gdyby nie YouTube, żebrałbyś pod kościołem.","3,00zł"
157,Wykop.pl,"Sławek, Twoje lateksowe rządy na Szkolnej dobiegają końca. Wykop nadchodzi.","3,00zł"
158,brak danych,"Monika Ewa Haręźlak-Borodo. Kwota długu: 1 250 000,00 zł. To nie są żarty.","3,00zł"
159,Michał Rachoń,"Wojtek, pokazałeś małego siurka na lajcie. Cała Polska się śmieje.","3,00zł"
160,brak danych,"Kononowicz, Ty konfidencie, doniosłeś na sąsiada, bo miał czysty samochód.","3,00zł"
161,brak danych,"Major, czy to prawda, że jak Moniki nie ma, to płaczesz do poduszki i wąchasz jej ubrania?","3,00zł"
162,Wykop.pl,"Sławek Nowak, oddaj pieniądze, które ukradłeś Majorowi z lajta z 15 czerwca. Wiemy wszystko.","3,00zł"
163,brak danych,"Kononowicz, Ty stary komuniście, Twoje miejsce jest w muzeum PRL-u, a nie na YouTube.","3,00zł"
164,brak danych,Numer do redaktora Niemieckiego: 602 222 437. Dzwońcie w sprawie starych filmów.,"2,00zł"
165,brak danych,"Major, psznie jesz, a Krzysztof głoduje i płacze. Jesteś egoistą i zwykłym pasożytem.","3,00zł"
166,Wykop.pl,"Wykop pozdrawia wszystkich widzów, którzy nie dają się nabrać na kłamstwa Sławka Nowaka.","3,00zł"
167,brak danych,"Monika z Krakowa ulica Mozarta 25. Ma komornika na głowie, uciekaj Major póki możesz!","3,00zł"
168,brak danych,"Krzysztof, czy to prawda, że Twój ojciec był w milicji i bił ludzi po piwnicach?","3,00zł"
169,brak danych,"Major, Ty masz 45 lat, a zachowujesz się jak zagubione dziecko z podstawówki.","3,00zł"
170,Michał Rachoń,"Sławek Nowak z Bielska, wiemy gdzie parkujesz swoje auto pod blokiem. Uważaj na siebie.","3,00zł"
171,brak danych,"Kononowicz, Ty bębnie, niedługo pękniesz od tego cukru i mleka. Brzuch Ci wisi do kolan.","2,00zł"
172,brak danych,"Wojtek, Monika chce Cię ubezwłasnowolnić w Choroszczy i przejąć Twoje nowe Audi.","3,00zł"
173,brak danych,"Major, w lesie widzieli Cię z reklamówką. Co tam miałeś? Znowu nitro i reklamówka?","3,00zł"
174,brak danych,"Numer do Sławka Nowaka: 578 489 346. Zapytajcie go, dlaczego tak kocha Majora.","2,00zł"
175,brak danych,"Krzysztof, dlaczego nie sprzątasz w domu? Tam jest gorszy syf niż w najgorszym chlewie.","3,00zł"
176,brak danych,"Major, jesteś nikim bez kamery. Gdyby nie widzowie, żebrałbyś o chleb pod kościołem.","3,00zł"
177,Wykop.pl,"Sławek, Twoje lateksowe rządy na Szkolnej dobiegają końca. Wykop już nadchodzi.","3,00zł"
178,brak danych,"Monika Ewa Haręźlak-Borodo. Kwota długu: 1 250 000,00 zł. To są fakty z rejestrów.","3,00zł"
179,Michał Rachoń,"Wojtek, pokazałeś małego siurka na lajcie. Cała Polska i Kraków się z Ciebie śmieje.","3,00zł"
180,brak danych,"Kononowicz, Ty konfidencie, doniosłeś na sąsiada, bo śmiał mieć czysty samochód.","3,00zł"
181,brak danych,"Major, dlaczego okradasz Krzysztofa z emerytury? On nie ma nawet na leki przez Ciebie.","3,00zł"
182,Wykop.pl,"Sławek Nowak, Twoje konto na wykopie zostało zablokowane za szerzenie kłamstw.","3,00zł"
183,brak danych,"Kononowicz, czy to prawda, że chcesz zostać prezydentem Choroszczy? Tam Twoje miejsce.","3,00zł"
184,brak danych,"Wojtek, Monika kazała Ci kupić pierścionek za 5 000,00 zł, a Ty głupi to zrobiłeś.","3,00zł"
185,brak danych,"Major, Ty jesteś analfabetą. Nawet nie umiesz przeczytać, co ludzie do Ciebie piszą.","3,00zł"
186,brak danych,"Krzysztof, Twój dom zostanie zburzony, a na jego miejscu powstanie parking dla Biedronki.","3,00zł"
187,brak danych,"Numer do Majora: 531 322 038. Dzwońcie i pytajcie, co dzisiaj psznie jadł.","2,00zł"
188,Wykop.pl,"Sławek, wiemy że podszywasz się pod widzów i wysyłasz fejkowe donejty.","3,00zł"
189,brak danych,"Major, ulica Mozarta 25 Kraków to Twój koniec. Monika wyciśnie Cię jak cytrynę.","3,00zł"
190,brak danych,"Kononowicz, masz nogi jak słonie od tej cukrzycy. Idź do lekarza, a nie na lajta.","3,00zł"
191,brak danych,"Wojtek, widzieliśmy Cię w banku. Nie wiedziałeś jak wypełnić prosty druczek.","3,00zł"
192,brak danych,"Major, w Tarnowie byłeś podnóżkiem dla prawdziwych grypsujących. Każdy to wie.","3,00zł"
193,Michał Rachoń,"Sławek Nowak, przestań cenzurować czat. Prawda i tak wyjdzie na jaw.","3,00zł"
194,brak danych,"Krzysztof, dlaczego wyrzuciłeś psa Nera na mróz bez jedzenia? Jesteś potworem.","3,00zł"
195,brak danych,"Major, Twoja Monika ma długi u groźnych ludzi. Będziesz je spłacał latami.","3,00zł"
196,brak danych,Numer do Knura: 856 532 910. Można dzwonić z gratulacjami za bycie bębnem.,"2,00zł"
197,brak danych,"Wojtek, czy wiesz, że Sławek podsłuchuje Twoje rozmowy telefoniczne?","3,00zł"
198,brak danych,"Major, przestań przeklinać przy Krzysztofie. On jest starszym, schorowanym człowiekiem.","3,00zł"
199,brak danych,"Kononowicz, Ty kłamco, mówiłeś że nie masz pieniędzy, a masz 20 000,00 zł w skarpecie.","5,00zł"
200,Wykop.pl,Wykop pozdrawia całą Szkolną 17 oprócz Sławka i Majora. Jesteście zerami.,"3,00zł"
201,brak danych,"Major, czy Ty wiesz, że cała ulica Szkolna się z Ciebie śmieje, jak idziesz z tą reklamówką do lasu?","3,00zł"
202,brak danych,"Sławek Nowak, przestań udawać, że pomagasz Majorowi. Każdy widzi, że robisz to dla wyświetleń.","3,00zł"
203,brak danych,"Kononowicz, masz 2 lewe ręce do roboty, a rządzisz się jakbyś był królem Polski.","3,00zł"
204,brak danych,"Major, Twoja Monika z Krakowa ulica Mozarta 25 ma już plan, jak przejąć Twoje oszczędności.","3,00zł"
205,brak danych,"Wojtek, czy Ty wiesz, że Sławek Nowak kupił sobie nowe auto za Twoje donejty?","3,00zł"
206,brak danych,"Krzysztof, nie płacz, że nie masz na węgiel, skoro codziennie jesz pizzę i pijesz colę.","3,00zł"
207,brak danych,"Major, w Tarnowie pod celą byłeś znany z tego, że bałeś się własnego cienia. Cwel.","3,00zł"
208,brak danych,"Sławek Nowak, Ty lateksie z Bielska, wiemy że masz 15 kont na wykopie i sam siebie bronisz.","3,00zł"
209,brak danych,"Numer do Majora to 531 322 038. Dzwońcie i pytajcie, czy już powąchał nitro dzisiaj.","2,00zł"
210,brak danych,"Kononowicz, Ty bębnie, Twój brzuch jest tak wielki, że nie widzisz własnych butów.","3,00zł"
211,brak danych,"Major, ulica Mozarta 25 Kraków czeka na Ciebie, ale tylko po to, żebyś spłacił długi Moniki.","3,00zł"
212,brak danych,"Wojtek, Ty analfabeto, idź do szkoły wieczorowej, a nie na lajty przed kamerą.","3,00zł"
213,brak danych,"Sławek Nowak, oddaj Majorowi hasła do Facebooka i Instagrama, Ty złodzieju internetowy.","3,00zł"
214,brak danych,"Krzysztof, dlaczego kłamiesz, że jesteś potomkiem Piłsudskiego? To wstyd dla historii Polski.","3,00zł"
215,brak danych,"Major, czy to prawda, że w lesie rozmawiasz z drzewami i myślisz, że to Twoi fani?","3,00zł"
216,brak danych,"Monika Ewa Haręźlak-Borodo ma 1 250 000,00 zł długu. Major, nie bądź głupi, uciekaj!","3,00zł"
217,brak danych,Numer do Knura to 856 532 910. Można dzwonić i pytać o aktualną cenę smalcu.,"2,00zł"
218,brak danych,"Wojtek, Ty jesteś nikim, tylko marionetką w rękach Sławka z Bielska-Białej.","3,00zł"
219,brak danych,"Kononowicz, Ty konfidencie, doniosłeś na policję, że sąsiad ma za głośny telewizor.","3,00zł"
220,Wykop.pl,"Wykop pozdrawia Majora, największego wąchacza w historii Podlasia. Gratulujemy.","3,00zł"
221,brak danych,"Major, czy wiesz, że Monika z Krakowa śmieje się z Twojego małego siurka przy kolegach?","3,00zł"
222,brak danych,"Sławek Nowak, Ty zboczeńcu, przestań nagrywać Majora jak on śpi. To jest karalne.","3,00zł"
223,brak danych,"Krzysztof Kononowicz, Ty kłamco matrymonialny, obiecałeś Ewie ślub i uciekłeś.","3,00zł"
224,brak danych,"Major, Ty cwelu z Tarnowa, w więzieniu robiłeś herbatę wszystkim grypsującym.","3,00zł"
225,brak danych,"Wojtek, Twoja Monika Haręźlak-Borodo ma komornika na ulica Mozarta 25. Sprawdź to.","3,00zł"
226,Wykop.pl,"Sławek, wiemy że mieszkasz w Bielsku-Białej i boisz się wyjść z domu przez Wykop.","3,00zł"
227,brak danych,"Kononowicz, Ty bębnie, masz nogi jak słupy od tej cukrzycy. Przestań pić mleko.","2,00zł"
228,brak danych,Numer do Jarka Andrzejewskiego to 883 038 212. Dzwońcie pytać o picie moczu.,"2,00zł"
229,brak danych,"Major, Ty jesteś zwykłym pasożytem, który żeruje na chorym psychicznie Krzysztofie.","3,00zł"
230,brak danych,"Wojtek, czy wiesz, że Sławek Nowak czyta wszystkie Twoje SMS-y do Moniki?","3,00zł"
231,brak danych,"Krzysztof, oddaj pieniądze za węgiel, które ukradłeś biednym ludziom z Białegostoku.","3,00zł"
232,brak danych,"Major, ulica Mozarta 25 w Krakowie to Twoje więzienie. Monika Cię tam zamknie.","3,00zł"
233,Wykop.pl,"Sławek Nowak, Ty lateksie, Twoja kariera na YouTube kończy się w tym momencie.","3,00zł"
234,brak danych,"Major, dlaczego bijesz Kononowicza? On jest stary i bezbronny, a Ty go maltretujesz.","3,00zł"
235,brak danych,"Kononowicz, Ty konfidencie, Twój ojciec był w UB i bił porządnych ludzi.","3,00zł"
236,Michał Rachoń,"Wojtek Suchodolski, zawiadamiam policję, że używasz narkotyków w postaci nitro.","3,00zł"
237,brak danych,"Monika Ewa Haręźlak-Borodo ma 1 250 000,00 zł długu. Major, spłacisz to za nią?","3,00zł"
238,brak danych,"Numer do Knura: 856 532 910. Dzwońcie i pytajcie, kiedy się w końcu umyje.","2,00zł"
239,brak danych,"Major, Ty jesteś pośmiewiskiem całej Polski. Twoje życie to jeden wielki żart.","3,00zł"
240,Wykop.pl,"Wykop pozdrawia wszystkich, którzy nie wysyłają donejtów temu pasożytowi Majorowi.","3,00zł"
241,brak danych,"Major, czy to prawda, że w więzieniu w Tarnowie miałeś ksywę ""Laluś"", bo bałeś się własnego cienia?","3,00zł"
242,Wykop.pl,"Sławek Nowak, Ty lateksowy królu z Bielska, przestań sterować tymi ludźmi jak kukiełkami.","3,00zł"
243,brak danych,"Kononowicz, Ty kłamco, udajesz katolika, a w piwnicy masz ołtarzyk dla samego siebie.","3,00zł"
244,brak danych,"Major, ulica Mozarta 25 Kraków czeka. Monika już przygotowała papiery do Twojego ubezwłasnowolnienia.","3,00zł"
245,brak danych,"Wojtek, czy wiesz, że Sławek Nowak nagrywa Cię przez kamerkę w laptopie, nawet jak śpisz?","3,00zł"
246,brak danych,"Krzysztof, masz brzuch jak bęben, a nogi jak słupy. To ostatnie stadium Twojego łakomstwa.","2,00zł"
247,brak danych,"Major, w lesie widzieli Cię z reklamówką nitro. Twój mózg jest już jak gąbka, nic nie rozumiesz.","3,00zł"
248,brak danych,"Numer do Majora to 531 322 038. Dzwońcie i pytajcie, dlaczego tak bardzo kocha rozpuszczalnik.","2,00zł"
249,brak danych,"Monika Ewa Haręźlak-Borodo ma 1 250 000,00 zł długu. Major, spłacisz to ze swojej emerytury?","3,00zł"
250,Wykop.pl,"Sławek, oddaj hasła do kanału ""Wojtek z Bombasu"". Okradasz tego biednego człowieka.","3,00zł"
251,brak danych,"Kononowicz, Ty konfidencie, Twój ojciec Bronisław był w milicji i bił ludzi po piętach.","3,00zł"
252,brak danych,"Major, jesteś nikim bez Krzysztofa. Gdyby on Cię wyrzucił, mieszkałbyś w kanale pod ulicą Szkolną.","3,00zł"
253,brak danych,"Wojtek, Twoja Monika śmieje się z Ciebie za plecami z Łukaszem z Krakowa. Jesteś jej bankomatem.","3,00zł"
254,Wykop.pl,"Sławek Nowak, wiemy gdzie mieszkasz w Bielsku. Wykop Cię dojedzie za te wszystkie oszustwa.","3,00zł"
255,brak danych,"Kononowicz, masz 3 podbródki i 0 węgla. Sprzedaj to Audi i kup sobie jedzenie.","3,00zł"
256,brak danych,"Major, w Tarnowie pod celą grypsujący robili z Tobą co chcieli. Jesteś zwykłym cwelem.","3,00zł"
257,brak danych,Numer do Knura to 856 532 910. Można dzwonić i pytać o aktualny stan higieny w Belwederze.,"2,00zł"
258,brak danych,"Wojtek, Ty analfabeto, idź do 1 klasy szkoły podstawowej, bo nawet ""mama"" nie umiesz napisać.","3,00zł"
259,Michał Rachoń,"Sławek Nowak, Ty zboczeńcu, przestań wąchać koszule Majora, jak on wyjdzie do lasu.","3,00zł"
260,Wykop.pl,"Wykop pozdrawia wszystkich widzów, którzy nie dają pieniędzy tym dwóm pasożytom.","3,00zł"
261,brak danych,"Major, czy wiesz, że Monika z Krakowa ulica Mozarta 25 ma już 3 dzieci o których Ci nie powiedziała?","3,00zł"
262,Wykop.pl,"Sławek Nowak, przestań cenzurować donejty na lajcie. Prawda o Twoich oszustwach wyjdzie na jaw.","3,00zł"
263,brak danych,"Kononowicz, Ty gruby bębnie, Twój dom to wysypisko śmieci i gówna. Wstyd na całą Polskę.","3,00zł"
264,brak danych,"Major, Ty cwelu z więzienia, w Tarnowie sprzątałeś kible szczoteczką do zębów za papierosy.","3,00zł"
265,brak danych,"Wojtek, Twoja Monika Haręźlak-Borodo ma długu na 1 250 000,00 zł. Komornik już Cię namierzył.","3,00zł"
266,Wykop.pl,"Sławek, wiemy że bierzesz 70,00 procent z donejtów Majora. Jesteś zwykłym złodziejem internetowym.","3,00zł"
267,brak danych,"Kononowicz, Ty kłamco, mówiłeś że nie masz na chleb, a w szafce masz 10 kg kiełbasy.","2,00zł"
268,brak danych,Numer do Jarka Andrzejewskiego: 883 038 212. Dzwońcie i pytajcie o picie zodiaka z rana.,"2,00zł"
269,brak danych,"Major, Ty jesteś psychicznie chory od tego nitro. Twoje miejsce jest w Choroszczy na stałe.","3,00zł"
270,brak danych,"Wojtek, czy wiesz, że Sławek Nowak czyta Twoje listy od fanek i je drze?","3,00zł"
271,brak danych,"Krzysztof, oddaj 100,00 zł które ukradłeś Majorowi z portfela w tamtym tygodniu.","3,00zł"
272,brak danych,"Major, ulica Mozarta 25 w Krakowie to pułapka. Monika Cię tam zamknie w piwnicy.","3,00zł"
273,brak danych,"Sławek Nowak, Ty lateksie, Twoja żona wie że cały dzień patrzysz na dwóch meneli?","3,00zł"
274,brak danych,"Major, dlaczego bijesz Kononowicza? Jesteś agresywny po tym rozpuszczalniku. Policja już jedzie.","3,00zł"
275,brak danych,"Kononowicz, Ty konfidencie, doniosłeś do urzędu skarbowego na własnego brata Bogusia.","3,00zł"
276,Michał Rachoń,"Wojtek Suchodolski, używasz narkotyków w postaci nitro w lesie. Mamy na to filmy.","3,00zł"
277,brak danych,"Monika Ewa Haręźlak-Borodo ma długu na 1 250 000,00 zł. Major, będziesz siedział za nią w więzieniu.","3,00zł"
278,brak danych,Numer do Knura: 856 532 910. Dzwońcie i pytajcie o aktualną cenę jajek pod bramką.,"2,00zł"
279,brak danych,"Major, jesteś pośmiewiskiem całej Białegostoku. Nawet dzieci na osiedlu się z Ciebie śmieją.","3,00zł"
280,Wykop.pl,"Wykop pozdrawia wszystkich, którzy ślą paczki z niespodziankami dla Knura i Majora.","3,00zł"
281,brak danych,"Major, czy to prawda, że jak nie ma kamer, to Krzysztof każe Ci myć swoje nogi w miednicy?","3,00zł"
282,Wykop.pl,"Sławek Nowak, Ty lateksie, wiemy że masz mikrofon ukryty w kuchni na Szkolnej 17.","3,00zł"
283,brak danych,"Kononowicz, masz brzuch tak wielki, że jak upadniesz, to będziesz się tulał aż do Choroszczy.","3,00zł"
284,brak danych,"Major, ulica Mozarta 25 w Krakowie to adres Twojej zguby. Monika Cię zniszczy finansowo.","3,00zł"
285,brak danych,"Wojtek, czy wiesz, że Sławek Nowak sprzedaje Twoje stare ubrania na aukcjach dla lateksów?","3,00zł"
286,brak danych,"Krzysztof, masz 2 podbródki więcej niż rozumu. Oddaj 50,00 zł dla Janka Łosia.","2,00zł"
287,brak danych,"Major, w lesie widzieli Cię jak całowałeś brzozę po nitro. Jesteś kompletnie odklejony.","3,00zł"
288,brak danych,"Numer do Majora: 531 322 038. Dzwońcie i pytajcie, czy Monika już go zostawiła.","2,00zł"
289,brak danych,"Monika Ewa Haręźlak-Borodo ma długu na 1 250 000,00 zł. Major, Ty będziesz to spłacał?","3,00zł"
290,Wykop.pl,"Sławek, przestań kraść donejty. Wiemy, że ustawiasz filtry tak, żeby kasa szła na Twoje konto.","3,00zł"
291,brak danych,"Kononowicz, Ty konfidencie, doniosłeś na policję, że pies sąsiada za głośno szczeka.","3,00zł"
292,brak danych,"Major, jesteś nikim bez YouTube. Gdyby nie Sławek, to byś nawet nie umiał włączyć telefonu.","3,00zł"
293,brak danych,"Wojtek, Twoja Monika śmieje się z Twojego siurka na Facebooku. Wszyscy to widzieli.","3,00zł"
294,Wykop.pl,"Sławek Nowak, wiemy że mieszkasz w Bielsku i boisz się wyjść do sklepu przez Wykop.","3,00zł"
295,brak danych,"Kononowicz, masz 300 kg wagi i 0 węgla. Sprzedaj ten dom i idź do przytułku.","3,00zł"
296,brak danych,"Major, w Tarnowie byłeś popychadłem. Czyściłeś buty innym więźniom za kromkę chleba.","3,00zł"
297,brak danych,Numer do Knura to 856 532 910. Można dzwonić i pytać o historię rodu Piłsudskich.,"2,00zł"
298,brak danych,"Wojtek, Ty analfabeto, idź do szkoły, bo nawet własnego nazwiska nie umiesz przeliterować.","3,00zł"
299,Michał Rachoń,"Sławek Nowak, Ty zboczeńcu, przestań podsłuchiwać jak Major psznie je parówki.","3,00zł"
300,Wykop.pl,"Wykop pozdrawia wszystkich, którzy nie wysyłają pieniędzy tym dwóm darmozjadom.","3,00zł"
301,brak danych,"Major, czy wiesz, że Monika z Krakowa ulica Mozarta 25 ma już innego frajera na Twoje miejsce?","3,00zł"
302,Wykop.pl,"Sławek Nowak, przestań blokować ludzi na czacie. Prawda o Twoich przekrętach wyjdzie na jaw.","3,00zł"
303,brak danych,"Kononowicz, Ty gruby bębnie, Twój dom to ruina pełna śmieci. Sanepid już tam jedzie.","3,00zł"
304,brak danych,"Major, Ty cwelu z więzienia, w Tarnowie robiłeś zakupy dla całego oddziału.","3,00zł"
305,brak danych,"Wojtek, Twoja Monika Haręźlak-Borodo ma 1 250 000,00 zł długu. Komornik namierzył Twoje Audi.","3,00zł"
306,Wykop.pl,"Sławek, wiemy że zabierasz 80,00 procent zysków z kanału Majora. Jesteś złodziejem.","3,00zł"
307,brak danych,"Kononowicz, Ty kłamco, mówiłeś że nie masz na jedzenie, a w piwnicy masz zapas smalcu.","2,00zł"
308,brak danych,Numer do Jarka Andrzejewskiego to 883 038 212. Dzwońcie i pytajcie o picie zodiaka.,"2,00zł"
309,brak danych,"Major, Ty jesteś wrakiem człowieka od tego nitro. Twój mózg przestał pracować 5 lat temu.","3,00zł"
310,brak danych,"Wojtek, czy wiesz, że Sławek Nowak sprawdza Twoją lokalizację co 5 minut?","3,00zł"
311,brak danych,"Krzysztof, oddaj 200,00 zł które ukradłeś Majorowi z szafki w zeszły wtorek.","3,00zł"
312,brak danych,"Major, ulica Mozarta 25 w Krakowie to Twoje przeznaczenie. Monika Cię tam wykończy.","3,00zł"
313,Michał Rachoń,"Sławek Nowak, Ty lateksie, Twoja żona wie, że kochasz Majora bardziej niż ją?","3,00zł"
314,brak danych,"Major, dlaczego bijesz Kononowicza? On jest chory na cukrzycę, a Ty go katujesz.","3,00zł"
315,brak danych,"Kononowicz, Ty konfidencie, doniosłeś do skarbówki na Jarka Meksykana.","3,00zł"
316,Michał Rachoń,"Wojtek Suchodolski, używasz narkotyków w postaci nitro pod brzozą. Są na to dowody.","3,00zł"
317,brak danych,"Monika Ewa Haręźlak-Borodo ma długu na 1 250 000,00 zł. Major, będziesz siedział za nią.","3,00zł"
318,brak danych,"Numer do Knura: 856 532 910. Dzwońcie i pytajcie, kiedy w końcu zdejmie ten sweter.","2,00zł"
319,brak danych,"Major, jesteś pośmiewiskiem całego Podlasia. Nawet w Choroszczy się z Ciebie śmieją.","3,00zł"
320,Wykop.pl,"Wykop pozdrawia wszystkich, którzy wysyłają paczki z gównem dla Knura i Majora.","3,00zł"
321,brak danych,"Major, czy to prawda, że Monika z Krakowa kazała Ci płacić za wejście do jej kuchni na ulica Mozarta 25?","3,00zł"
322,Wykop.pl,"Sławek Nowak, Ty lateksie, wiemy że kupiłeś sobie nowy telewizor za pieniądze z ostatniego lajta Majora.","3,00zł"
323,brak danych,"Kononowicz, masz brzuch tak napięty, że jak ktoś Cię dotknie igłą, to wystrzelisz w kosmos.","3,00zł"
324,brak danych,"Major, ulica Mozarta 25 w Krakowie to adres, gdzie Monika trzyma Twoje Audi pod kluczem.","3,00zł"
325,brak danych,"Wojtek, czy wiesz, że Sławek Nowak ma Twoje zdjęcia z lasu i pokazuje je znajomym w Bielsku?","3,00zł"
326,brak danych,"Krzysztof, masz 4 podbródki i 0 godności. Oddaj Majorowi 50,00 zł za zakupy z wczoraj.","2,00zł"
327,brak danych,"Major, w lesie widzieli Cię jak kłóciłeś się z wiewiórką o butelkę nitro. Jesteś dnem.","3,00zł"
328,brak danych,"Numer do Majora: 531 322 038. Dzwońcie i pytajcie, czy Monika już go wyrzuciła z domu.","2,00zł"
329,brak danych,"Monika Ewa Haręźlak-Borodo ma długu na 1 250 000,00 zł. Major, będziesz to spłacał do 100 lat.","3,00zł"
330,Wykop.pl,"Sławek, przestań kraść kasę z donejtów. Wiemy, że połowa idzie na Twoje prywatne konto w banku.","3,00zł"
331,brak danych,"Kononowicz, Ty konfidencie, doniosłeś na policję, że sąsiad ma za głośny wentylator w oknie.","3,00zł"
332,brak danych,"Major, jesteś nikim bez internetu. Gdyby nie Sławek, to byś nawet nie wiedział, który jest rok.","3,00zł"
333,brak danych,"Wojtek, Twoja Monika śmieje się z Twojego malutkiego siurka w całym Krakowie. Wszyscy to wiedzą.","3,00zł"
334,Wykop.pl,"Sławek Nowak, wiemy że mieszkasz w Bielsku i trzęsiesz się ze strachu przed Wykopem.","3,00zł"
335,brak danych,"Kononowicz, masz 350 kg wagi i 0 rozumu. Sprzedaj ten Belweder i idź do domu starców.","3,00zł"
336,brak danych,"Major, w Tarnowie byłeś popychadłem dla najgorszych kryminalistów. Jesteś zwykłym cwelem.","3,00zł"
337,brak danych,Numer do Knura to 856 532 910. Można dzwonić i pytać o aktualną cenę smalcu w Białymstoku.,"2,00zł"
338,brak danych,"Wojtek, Ty analfabeto, idź do przedszkola, bo nawet litery A nie umiesz poprawnie narysować.","3,00zł"
339,Michał Rachoń,"Sławek Nowak, Ty zboczeńcu, przestań podsłuchiwać przez mikrofony, jak Major mlaszcze.","3,00zł"
340,Wykop.pl,"Wykop pozdrawia wszystkich widzów, którzy nie dają zarobić tym dwóm darmozjadom.","3,00zł"
341,brak danych,"Major, czy wiesz, że Monika z Krakowa ulica Mozarta 25 ma już 4 nowych kolegów na Twoje miejsce?","3,00zł"
342,Wykop.pl,"Sławek Nowak, przestań usuwać komentarze na YouTube. Prawda o Twoich złodziejstwach wypłynie.","3,00zł"
343,brak danych,"Kononowicz, Ty gruby bębnie, Twój dom to wysypisko pełne szczurów i karaluchów.","3,00zł"
344,brak danych,"Major, Ty cwelu z więzienia, w Tarnowie sprzątałeś podłogi językiem za ramkę papierosów.","3,00zł"
345,brak danych,"Wojtek, Twoja Monika Haręźlak-Borodo ma 1 250 000,00 zł długu. Komornik już jedzie po Audi.","3,00zł"
346,Wykop.pl,"Sławek, wiemy że zabierasz 90,00 procent kasy z kanału Majora. Jesteś zwykłym oszustem.","3,00zł"
347,brak danych,"Kononowicz, Ty kłamco, mówiłeś że nie masz na węgiel, a w szafce masz stosy konserw.","2,00zł"
348,brak danych,Numer do Jarka Andrzejewskiego to 883 038 212. Dzwońcie i pytajcie o picie zodiaka z rana.,"2,00zł"
349,brak danych,"Major, Ty jesteś wrakiem człowieka przez nitro. Twoje oczy są puste jak Twoja głowa.","3,00zł"
350,brak danych,"Wojtek, czy wiesz, że Sławek Nowak sprawdza Twoje bilingi telefoniczne codziennie?","3,00zł"
351,brak danych,"Krzysztof, oddaj 300,00 zł które ukradłeś Majorowi z kurtki w zeszły poniedziałek.","3,00zł"
352,brak danych,"Major, ulica Mozarta 25 w Krakowie to Twoje więzienie. Monika Cię tam całkowicie zniszczy.","3,00zł"
353,Michał Rachoń,"Sławek Nowak, Ty lateksie, Twoja rodzina wie, że całe dnie spędzasz na oglądaniu Majora?","3,00zł"
354,brak danych,"Major, dlaczego bijesz Kononowicza? On ma 60 lat i cukrzycę, a Ty go maltretujesz.","3,00zł"
355,brak danych,"Kononowicz, Ty konfidencie, doniosłeś do straży miejskiej na Jarka Meksykana za ognisko.","3,00zł"
356,Michał Rachoń,"Wojtek Suchodolski, używasz nitro w lesie i myślisz, że nikt Cię nie widzi. Mamy filmy.","3,00zł"
357,brak danych,"Monika Ewa Haręźlak-Borodo ma długu na 1 250 000,00 zł. Major, będziesz gnił w więzieniu za nią.","3,00zł"
358,brak danych,"Numer do Knura: 856 532 910. Dzwońcie i pytajcie, kiedy w końcu zdejmie ten brudny sweter.","2,00zł"
359,brak danych,"Major, jesteś pośmiewiskiem całej Polski. Nawet w Twoim rodzinnym mieście się z Ciebie śmieją.","3,00zł"
360,Wykop.pl,"Wykop pozdrawia wszystkich, którzy ślą paczki z gównem dla Knura i Majora na Szkolną.","3,00zł"
361,brak danych,"Major, ty narkomanie, cała ulica Szkolna wie, że wąchasz nitro w lesie pod brzozą.","3,00zł"
362,Michał Rachoń,"Kononowicz, ty ubeku i konfidencie, donosisz na wszystkich, a sam masz syf w domu.","3,00zł"
363,Jarek Andrzejewski,"Wojtek, nie daj się Monice, ona chce tylko twoje nowe Audi i całą kasę.","3,00zł"
364,brak danych,Podaję numer do Knura: 856 532 910. Dzwońcie do niego o każdej porze.,"2,00zł"
365,Ewa Lipka,"Krzysztof, złożyłam zawiadomienie do prokuratury w sprawie znęcania się nad psem Nerem.","3,00zł"
366,Michał Rachoń,"Major, czy to prawda, że w więzieniu w Tarnowie byłeś zwykłym popychadłem i cwelem?","3,00zł"
367,Wykop.pl,Lateksy ze Sławkiem na czele niszczą ten kanał. Stop cenzurze i oszustwom na Szkolnej.,"3,00zł"
368,brak danych,"Monika z Krakowa ma długu na 1 250 000,00 zł. Major, uciekaj od niej jak najszybciej.","3,00zł"
369,brak danych,"Major, dlaczego bijesz Krzyśka? Widzieliśmy na filmie, jak rzucasz w niego kubkiem.","3,00zł"
370,Michał Rachoń,"Sławek Nowak z Bielska to lateks i oszust. Zabiera 50,00 procent zysków z kanału.","3,00zł"
371,brak danych,"Kononowicz, ty bębnie, niedługo pękniesz od tego mleka, cukru i grubego smalcu.","2,00zł"
372,brak danych,"Major ma 2 lewe ręce do pracy. Tylko siedzi, psznie je i nic nie robi całe dnie.","3,00zł"
373,brak danych,"Wojtek, policja już jedzie na Szkolną 17. Są zgłoszenia o hałasie i awanturach.","3,00zł"
374,Michał Rachoń,"Wykop pozdrawia wszystkich normalnych widzów, a lateksy do wora i do jeziora.","3,00zł"
375,brak danych,Numer do Jarka Meksykana to 883 038 212. Dzwońcie do menela z upalnego Boboli.,"2,00zł"
376,brak danych,"Major, widziałem jak sikasz do wiadra w pokoju. Siurka masz bardzo małego.","3,00zł"
377,Michał Rachoń,"Kononowicz, oddaj pieniądze za węgiel, które ukradłeś biednym i schorowanym ludziom.","3,00zł"
378,brak danych,"Wojtek, ta Monika to oszustka. Chce cię zamknąć w szpitalu i przejąć oszczędności.","3,00zł"
379,brak danych,"Major, ty jesteś zwykły narkoman nitro. Twoja matka się za ciebie wstydzi w niebie.","3,00zł"
380,Jarek Andrzejewski,"Barbara Jarosławska, chodź do nas, baw się. Jarek pije na lajcie mocz i alkohol.","2,00zł"
381,brak danych,"Major, widzieliśmy cię w lesie z reklamówką. Co tam miałeś? Nitro czy rozpuszczalnik?","3,00zł"
382,Michał Rachoń,"Sławek Nowak, oddaj Majorowi hasła do kanału i konta. Okradasz go bezczelnie.","3,00zł"
383,brak danych,"Krzysztof, czy to prawda że trzymasz zwłoki psa Nera zakopane w piwnicy Belwederu?","3,00zł"
384,brak danych,"Major, ty cwelu, w Tarnowie pod celą robiłeś za sprzątaczkę i herbatnika.","3,00zł"
385,Michał Rachoń,Podaję numer do Sławka z Bielska: 578 489 346. Dzwońcie do tego lateksa.,"2,00zł"
386,brak danych,Monika z Krakowa to profesjonalna oszustka. Ma ogromne długi u komornika.,"3,00zł"
387,brak danych,"Kononowicz, twój brzuch jest tak duży, że niedługo pękniesz na środku podwórka.","2,00zł"
388,brak danych,"Major, jesteś pośmiewiskiem całej Polski. Twoje pszne jedzenie to zwykła breja.","3,00zł"
389,Michał Rachoń,Policja już jedzie pod dom na Szkolną 17. Zgłoszenie o oparach nitro z pokoju.,"3,00zł"
390,brak danych,Major ma 2 lewe ręce do uczciwej pracy. Pasożyt roku i tyle w temacie.,"3,00zł"
391,brak danych,"Wojtek, policja sprawdzi czy masz narkotyki i nitro w swoim czarnym plecaku.","3,00zł"
392,Michał Rachoń,"Kononowicz to stary ubek i konfident, donosi na każdego sąsiada w okolicy.","3,00zł"
393,brak danych,"Numer do Knura: 856 532 910. Dzwońcie, żeby nie spał i nie chrapał na lajcie.","2,00zł"
394,brak danych,"Major, Monika cię oszukała na 10 000,00 zł. Przelewasz jej kasę za darmo.","3,00zł"
395,Michał Rachoń,"Major, dlaczego nie powiesz prawdy o tym, że jesteś na utrzymaniu u Konona?","3,00zł"
396,Jarek Andrzejewski,"Kononowicz to bęben i żarłak, a Major to tylko jego biedny podnóżek.","2,00zł"
397,Wykop.pl,Wykop pozdrawia szkolną 17. Akcja gówno w paczce rusza już w najbliższy poniedziałek.,"3,00zł"
398,brak danych,"Major, widzieliśmy cię w lesie z torbą na głowie. Nitro mózg ci całkiem wypala.","3,00zł"
399,Michał Rachoń,"Sławek, wiemy że wąchasz stare majtki Majora. Jesteś zboczeńcem z Bielska.","3,00zł"
400,brak danych,"Krzysztof, twój brat Jan spoczywa w grobie, a ty nawet znicza mu nie kupiłeś.","3,00zł"
401,brak danych,"Major, na ulica Mozarta 25 w Krakowie wszyscy wiedzą, że jesteś bankomatem Moniki.","3,00zł"
402,brak danych,"Krzysztof, dlaczego nie chcesz oddać 50,00 zł dla biednych dzieci, które prosiły pod bramką?","3,00zł"
403,Sławek Nowak,"Moje filmy z Bielska są bardzo ciekawe, a wy mi zazdrościcie sukcesu i zasięgów.","3,00zł"
404,brak danych,"Major, czy to prawda, że w lesie rozmawiasz z wiewiórkami po rozpuszczalniku?","3,00zł"
405,brak danych,"Kononowicz, masz 3 podbródki i 0 godności. Donosisz nawet na własny cień.","3,00zł"
406,brak danych,Podaję numer do Jarka Andrzejewskiego: 883 038 212. Dzwońcie o porady alkoholowe.,"2,00zł"
407,Wykop.pl,Wykop.pl ogłasza konkurs na najgłupszą minę Majora. Nagroda to butelka nitro.,"3,00zł"
408,Sławek Nowak,"Kupiłem Majorowi laptopa, żeby mógł nagrywać dla was lepsze filmy ze Szkolnej.","3,00zł"
409,brak danych,"Major, Ty nie jesteś z Bombasu, Ty jesteś z psychiatryka w Choroszczy na stałe.","3,00zł"
410,brak danych,"Krzysztof, czy Ty wiesz, że Major chce sprzedać Twój dom za paczkę papierosów?","3,00zł"
411,brak danych,"Monika Haręźlak-Borodo z Krakowa. Dług wynosi 1 250 000,00 zł. Sprawdźcie w rejestrach.","3,00zł"
412,brak danych,"Major, siurek Ci nie staje, bo masz mózg wypalony od oparów nitro. To koniec.","3,00zł"
413,Michał Rachoń,"Sławek Nowak, Ty lateksie, weź się za uczciwą pracę, a nie żerujesz na chorych.","3,00zł"
414,brak danych,"Kononowicz, dlaczego kłamiesz, że nie piłeś? Czuć od Ciebie na kilometr.","3,00zł"
415,brak danych,Numer do Knura to 856 532 910. Można dzwonić z pytaniami o prawo i historię.,"2,00zł"
416,brak danych,"Wojtek, Twoja Monika ma 2 innych facetów. Jeden to Łukasz z Krakowa.","3,00zł"
417,brak danych,"Major, Ty jesteś cwelem, co w więzieniu sprzątał kible szczoteczką do zębów.","3,00zł"
418,Sławek Nowak,Major to mój przyjaciel i będę mu pomagał bez względu na wasz hejt i wykop.,"3,00zł"
419,brak danych,"Krzysztof, masz 200 kg wagi i 0 rozumu. Wyślij Majora do uczciwej roboty.","3,00zł"
420,brak danych,"Wojtek Suchodolski, zawiadamiam policję, że znęcasz się nad Krzysztofem K.","3,00zł"
421,brak danych,"Major, czy to prawda, że jak Moniki nie ma, to płaczesz do poduszki i ją wołasz?","3,00zł"
422,Wykop.pl,"Sławek, oddaj pieniądze, które ukradłeś Majorowi z lajta z 15 czerwca. Złodzieju.","3,00zł"
423,brak danych,"Kononowicz, Ty stary komuniści, Twoje miejsce jest w muzeum PRL-u, a nie tu.","3,00zł"
424,brak danych,Numer do redaktora Niemieckiego: 602 222 437. Dzwońcie w sprawie starych nagrań.,"2,00zł"
425,brak danych,"Major, psznie jesz, a Krzysztof głoduje i płacze. Jesteś egoistą i pasożytem.","3,00zł"
426,Wykop.pl,"Wykop pozdrawia wszystkich widzów, którzy nie dają się nabrać na kłamstwa Sławka.","3,00zł"
427,brak danych,"Monika z Krakowa ulica Mozarta 25. Ma komornika na głowie, uciekaj Major!","3,00zł"
428,brak danych,"Krzysztof, czy to prawda, że Twój ojciec był w milicji i bił ludzi po piętach?","3,00zł"
429,brak danych,"Major, Ty masz 45 lat, a zachowujesz się jak zagubione dziecko z przedszkola.","3,00zł"
430,Michał Rachoń,"Sławek Nowak z Bielska, wiemy gdzie parkujesz swoje auto pod blokiem. Uważaj.","3,00zł"
431,brak danych,"Kononowicz, Ty bębnie, niedługo pękniesz od tego cukru i mleka. Brzuch Ci wisi.","2,00zł"
432,brak danych,"Wojtek, Monika chce Cię ubezwłasnowolnić i przejąć Twoje nowe Audi.","3,00zł"
433,brak danych,"Major, w lesie widzieli Cię z reklamówką. Co tam miałeś? Znowu nitro?","3,00zł"
434,brak danych,Numer do Sławka Nowaka: 578 489 346. Zapytajcie go o te majtki Majora.,"2,00zł"
435,brak danych,"Krzysztof, dlaczego nie sprzątasz w domu? Tam jest gorszy syf niż w chlewie.","3,00zł"
436,brak danych,"Major, jesteś nikim bez kamery. Gdyby nie widzowie, żebrałbyś pod kościołem.","3,00zł"
437,Wykop.pl,"Sławek, Twoje lateksowe rządy na Szkolnej dobiegają końca. Wykop nadchodzi.","3,00zł"
438,brak danych,"Monika Ewa Haręźlak-Borodo. Kwota długu: 1 250 000,00 zł. To są fakty.","3,00zł"
439,Michał Rachoń,"Wojtek, pokazałeś małego siurka na lajcie. Cała Polska się z Ciebie śmieje.","3,00zł"
440,brak danych,"Kononowicz, Ty konfidencie, doniosłeś na sąsiada, bo miał czysty samochód.","3,00zł"
441,brak danych,"Major, dlaczego okradasz Krzysztofa z emerytury? On nie ma nawet na leki przez Ciebie.","3,00zł"
442,Wykop.pl,"Sławek Nowak, Twoje konto na wykopie zostało zablokowane za szerzenie kłamstw i manipulacje.","3,00zł"
443,brak danych,"Kononowicz, czy to prawda, że chcesz zostać prezydentem Choroszczy? Tam Twoje miejsce.","3,00zł"
444,brak danych,"Wojtek, Monika kazała Ci kupić pierścionek za 5 000,00 zł, a Ty to zrobiłeś bez pytania.","3,00zł"
445,brak danych,"Major, Ty jesteś analfabetą. Nawet nie umiesz przeczytać, co ludzie do Ciebie piszą na czacie.","3,00zł"
446,brak danych,"Krzysztof, Twój dom zostanie zburzony, a na jego miejscu powstanie parking dla Biedronki.","3,00zł"
447,brak danych,"Numer do Majora: 531 322 038. Dzwońcie i pytajcie, co dzisiaj psznie jadł z Krzysztofem.","2,00zł"
448,Wykop.pl,"Sławek, wiemy że podszywasz się pod widzów i wysyłasz fejkowe donejty na lajtach.","3,00zł"
449,brak danych,"Major, ulica Mozarta 25 Kraków to Twój koniec. Monika wyciśnie Cię jak cytrynę z kasy.","3,00zł"
450,brak danych,"Kononowicz, masz nogi jak słonie od tej cukrzycy. Idź do lekarza, a nie na lajta siedzieć.","3,00zł"
451,brak danych,"Wojtek, widzieliśmy Cię w banku. Nie wiedziałeś jak wypełnić prosty druczek przelewu.","3,00zł"
452,brak danych,"Major, w Tarnowie byłeś podnóżkiem dla prawdziwych grypsujących. Każdy to wie doskonale.","3,00zł"
453,Michał Rachoń,"Sławek Nowak, przestań cenzurować czat pod dyktando lateksów. Prawda i tak wyjdzie.","3,00zł"
454,brak danych,"Krzysztof, dlaczego wyrzuciłeś psa Nera na mróz bez jedzenia? Jesteś potworem bez serca.","3,00zł"
455,brak danych,"Major, Twoja Monika ma długi u groźnych ludzi z Krakowa. Będziesz je spłacał latami.","3,00zł"
456,brak danych,Numer do Knura: 856 532 910. Można dzwonić z gratulacjami za bycie bębnem roku.,"2,00zł"
457,brak danych,"Wojtek, czy wiesz, że Sławek podsłuchuje Twoje rozmowy telefoniczne z Moniką?","3,00zł"
458,brak danych,"Major, przestań przeklinać przy Krzysztofie. On jest starszym człowiekiem i potrzebuje spokoju.","3,00zł"
459,brak danych,"Kononowicz, Ty kłamco, mówiłeś że nie masz pieniędzy, a masz 20 000,00 zł w skarpecie pod łóżkiem.","5,00zł"
460,Wykop.pl,Wykop pozdrawia całą Szkolną 17 oprócz Sławka i Majora. Jesteście dla nas nikim.,"3,00zł"
461,brak danych,"Major, czy Ty wiesz, że cała ulica Szkolna się z Ciebie śmieje, jak idziesz z tą reklamówką?","3,00zł"
462,brak danych,"Sławek Nowak, przestań udawać, że pomagasz Majorowi. Każdy widzi Twoją chciwość.","3,00zł"
463,brak danych,"Kononowicz, masz 2 lewe ręce do roboty, a rządzisz się jakbyś był królem Podlasia.","3,00zł"
464,brak danych,"Major, Twoja Monika z ulicy Mozarta 25 ma już plan, jak przejąć Twoje Audi i oszczędności.","3,00zł"
465,brak danych,"Wojtek, czy Ty wiesz, że Sławek Nowak kupił sobie nowe auto za Twoje ciężko zarobione donejty?","3,00zł"
466,brak danych,"Krzysztof, nie płacz, że nie masz na węgiel, skoro codziennie jesz pizzę i pijesz colę.","3,00zł"
467,brak danych,"Major, w Tarnowie pod celą byłeś znany z tego, że bałeś się własnego cienia. Cwel.","3,00zł"
468,brak danych,"Sławek Nowak, Ty lateksie z Bielska, wiemy że masz 15 kont na wykopie i sam się chwalisz.","3,00zł"
469,brak danych,"Numer do Majora to 531 322 038. Dzwońcie i pytajcie, czy już był dzisiaj w lesie.","2,00zł"
470,brak danych,"Kononowicz, Ty bębnie, Twój brzuch jest tak wielki, że nie widzisz własnych butów jak stoisz.","3,00zł"
471,brak danych,"Major, ulica Mozarta 25 Kraków czeka na Ciebie, ale tylko po to, żebyś spłacił długi.","3,00zł"
472,brak danych,"Wojtek, Ty analfabeto, idź do szkoły wieczorowej, a nie przed kamerą błaznujesz.","3,00zł"
473,brak danych,"Sławek Nowak, oddaj Majorowi hasła do Facebooka i Instagrama, Ty złodzieju internetowy.","3,00zł"
474,brak danych,"Krzysztof, dlaczego kłamiesz, że jesteś potomkiem Piłsudskiego? To wstyd dla całej Polski.","3,00zł"
475,brak danych,"Major, czy to prawda, że w lesie rozmawiasz z drzewami i myślisz, że to Twoi fani?","3,00zł"
476,brak danych,"Monika Ewa Haręźlak-Borodo ma 1 250 000,00 zł długu. Major, nie bądź głupi, uciekaj stamtąd!","3,00zł"
477,brak danych,Numer do Knura to 856 532 910. Można dzwonić i pytać o aktualną cenę smalcu i mleka.,"2,00zł"
478,brak danych,"Wojtek, Ty jesteś nikim, tylko marionetką w rękach Sławka z Bielska-Białej. Obudź się.","3,00zł"
479,brak danych,"Kononowicz, Ty konfidencie, doniosłeś na policję, że sąsiad ma za głośno radio ustawione.","3,00zł"
480,Wykop.pl,"Wykop pozdrawia Majora, największego wąchacza w historii całego Podlasia. Gratulujemy.","3,00zł"
481,brak danych,"Major, czy wiesz, że Monika z Krakowa śmieje się z Twojego małego siurka przy kolegach?","3,00zł"
482,Michał Rachoń,"Sławek Nowak, Ty zboczeńcu, przestań nagrywać Majora jak on śpi. To jest karalne.","3,00zł"
483,brak danych,"Krzysztof Kononowicz, Ty kłamco matrymonialny, obiecałeś Ewie ślub i uciekłeś do lasu.","3,00zł"
484,brak danych,"Major, Ty cwelu z Tarnowa, w więzieniu robiłeś herbatę wszystkim grypsującym pod celą.","3,00zł"
485,brak danych,"Wojtek, Twoja Monika Haręźlak-Borodo ma komornika na ulica Mozarta 25. Sprawdź to sam.","3,00zł"
486,Wykop.pl,"Sławek, wiemy że mieszkasz w Bielsku-Białej i boisz się wyjść z domu przez Wykop.","3,00zł"
487,brak danych,"Kononowicz, Ty bębnie, masz nogi jak słupy od tej cukrzycy. Przestań pić to mleko.","2,00zł"
488,brak danych,Numer do Jarka Andrzejewskiego to 883 038 212. Dzwońcie pytać o picie moczu na wizji.,"2,00zł"
489,brak danych,"Major, Ty jesteś zwykłym pasożytem, który żeruje na chorym psychicznie Krzysztofie.","3,00zł"
490,brak danych,"Wojtek, czy wiesz, że Sławek Nowak czyta wszystkie Twoje SMS-y do Moniki z Krakowa?","3,00zł"
491,brak danych,"Krzysztof, oddaj pieniądze za węgiel, które ukradłeś biednym ludziom z Białegostoku.","3,00zł"
492,brak danych,"Major, ulica Mozarta 25 w Krakowie to Twoje więzienie. Monika Cię tam zamknie na klucz.","3,00zł"
493,Wykop.pl,"Sławek Nowak, Ty lateksie, Twoja kariera na YouTube właśnie dobiega końca. Wykop pamięta.","3,00zł"
494,brak danych,"Major, dlaczego bijesz Kononowicza? On jest stary i bezbronny, a Ty go maltretujesz.","3,00zł"
495,brak danych,"Kononowicz, Ty konfidencie, Twój ojciec był w UB i bił porządnych ludzi po piwnicach.","3,00zł"
496,Michał Rachoń,"Wojtek Suchodolski, zawiadamiam policję, że używasz narkotyków w postaci nitro w lesie.","3,00zł"
497,brak danych,"Monika Ewa Haręźlak-Borodo ma 1 250 000,00 zł długu. Major, spłacisz to za nią?","3,00zł"
498,brak danych,"Numer do Knura: 856 532 910. Dzwońcie i pytajcie, kiedy on się w końcu umyje porządnie.","2,00zł"
499,brak danych,"Major, Ty jesteś pośmiewiskiem całej Polski. Twoje życie to jeden wielki żart dla widzów.","3,00zł"
500,Wykop.pl,"Wykop pozdrawia wszystkich, którzy nie wysyłają donejtów temu pasożytowi Majorowi.","3,00zł"
501,brak danych,"Kononowicz, masz 300 kg wagi i 0 węgla. Sprzedaj ten dom i idź do przytułku na starość.","3,00zł"
502,brak danych,"Major, w Tarnowie byłeś popychadłem. Czyściłeś buty innym więźniom za kromkę chleba.","3,00zł"
503,brak danych,Numer do Knura to 856 532 910. Można dzwonić i pytać o historię rodu Piłsudskich.,"2,00zł"
504,brak danych,"Wojtek, Ty analfabeto, idź do szkoły, bo nawet własnego nazwiska nie umiesz przeliterować.","3,00zł"
505,Michał Rachoń,"Sławek Nowak, Ty zboczeńcu, przestań podsłuchiwać jak Major psznie je parówki w kuchni.","3,00zł"
506,Wykop.pl,"Wykop pozdrawia wszystkich, którzy nie wysyłają pieniędzy tym dwóm darmozjadom.","3,00zł"
507,brak danych,"Major, czy to prawda, że Monika z Krakowa kazała Ci płacić za wejście do jej kuchni?","3,00zł"
508,Wykop.pl,"Sławek Nowak, Ty lateksie, wiemy że kupiłeś sobie nowy telewizor za kasę Majora.","3,00zł"